id,first_name,last_name,email,gender,ip_address
1,Joanna,Martynka,jmartynka0@state.gov,Female,105.108.182.82
2,Gloriana,Dracksford,gdracksford1@nih.gov,Female,83.191.250.127
3,Bert,Favell,bfavell2@fc2.com,Male,221.87.184.121
4,Marian,Tideswell,mtideswell3@w3.org,Female,89.49.74.57
5,Cobb,Western,cwestern4@goodreads.com,Male,33.90.198.218
6,Marylee,Paolino,mpaolino5@imgur.com,Female,140.144.238.128
7,Maggee,Mangion,mmangion6@reuters.com,Female,231.20.138.241
8,Emilia,Scrafton,escrafton7@chronoengine.com,Female,205.183.49.181
9,Darla,Waterdrinker,dwaterdrinker8@seattletimes.com,Female,93.4.121.38
10,Chauncey,Moriarty,cmoriarty9@ebay.co.uk,Male,138.125.113.67
11,Ivan,McMorran,imcmorrana@unicef.org,Male,48.39.112.216
12,Pepe,Westerman,pwestermanb@examiner.com,Male,139.244.162.168
13,Nealson,Telfer,ntelferc@cnn.com,Male,223.67.116.201
14,Alexandro,Duggon,aduggond@dell.com,Male,135.85.58.79
15,Archibold,Stear,asteare@comsenz.com,Male,51.112.13.71
16,Joshua,Whitlaw,jwhitlawf@epa.gov,Male,197.112.56.140
17,Trace,Slimon,tslimong@phpbb.com,Male,125.231.221.71
18,Gordy,Friatt,gfriatth@mlb.com,Male,250.226.90.189
19,Katine,Duddell,kduddelli@ustream.tv,Female,107.179.41.185
20,Nicole,Gierhard,ngierhardj@cbslocal.com,Female,91.4.54.130
21,Alexandros,Fairweather,afairweatherk@kickstarter.com,Male,159.0.57.220
22,Cordie,Grishankov,cgrishankovl@ca.gov,Female,73.205.57.42
23,Malena,MacPaike,mmacpaikem@house.gov,Female,201.237.249.134
24,Constantine,Harmson,charmsonn@com.com,Female,174.17.69.247
25,Mortimer,Dayce,mdayceo@nyu.edu,Male,127.84.159.236
26,Noe,Codman,ncodmanp@ezinearticles.com,Male,165.200.236.51
27,Chadd,Stanning,cstanningq@free.fr,Male,65.151.181.47
28,Vevay,Weedenburg,vweedenburgr@pen.io,Female,114.174.164.158
29,Lanita,O'Doireidh,lodoireidhs@addtoany.com,Female,243.161.164.112
30,Zola,Stoneley,zstoneleyt@wisc.edu,Female,91.219.16.115
31,Wilbert,Eastwood,weastwoodu@myspace.com,Male,191.252.77.53
32,Alyosha,Paolotto,apaolottov@amazonaws.com,Male,17.228.237.144
33,Guglielmo,Bern,gbernw@hao123.com,Male,166.234.213.228
34,Alis,Buckingham,abuckinghamx@mit.edu,Female,73.158.48.210
35,Linnell,Bras,lbrasy@odnoklassniki.ru,Female,30.47.174.91
36,Abramo,Maghull,amaghullz@tiny.cc,Male,176.74.79.250
37,Emmy,Boecke,eboecke10@technorati.com,Male,208.179.226.203
38,Magnum,Ruff,mruff11@hao123.com,Male,234.58.146.76
39,Titus,Hinz,thinz12@sbwire.com,Male,111.95.48.242
40,Susanne,McPherson,smcpherson13@accuweather.com,Female,54.91.186.2
41,Langsdon,Harrell,lharrell14@tmall.com,Male,164.50.174.81
42,Lila,Merritt,lmerritt15@xinhuanet.com,Female,169.211.11.226
43,Ailey,De Pero,adepero16@yellowbook.com,Female,209.80.26.52
44,Cecilia,Nock,cnock17@ehow.com,Female,46.204.240.80
45,Kent,Bennis,kbennis18@cbc.ca,Male,223.82.147.95
46,Giuditta,Haywood,ghaywood19@stanford.edu,Female,243.215.179.218
47,Clifford,Greally,cgreally1a@paypal.com,Male,215.155.91.217
48,Waneta,Mc Meekin,wmcmeekin1b@ibm.com,Female,203.161.253.84
49,Enrica,Sprowles,esprowles1c@npr.org,Female,123.194.97.5
50,Carly,Domerq,cdomerq1d@ow.ly,Female,208.114.28.62
51,Isahella,Venes,ivenes1e@ning.com,Female,244.67.166.86
52,Meriel,Aherne,maherne1f@shareasale.com,Female,82.24.26.243
53,Neale,Pirri,npirri1g@cnet.com,Male,10.207.4.81
54,Archambault,Gobeaux,agobeaux1h@deliciousdays.com,Male,188.149.51.230
55,Benn,O' Kelleher,bokelleher1i@4shared.com,Male,6.202.36.167
56,Martino,Sproule,msproule1j@cyberchimps.com,Male,178.18.136.35
57,Simona,De Atta,sdeatta1k@cbc.ca,Female,121.112.198.222
58,Nell,Skitteral,nskitteral1l@chron.com,Female,43.116.23.30
59,Dalli,Froschauer,dfroschauer1m@umich.edu,Male,178.120.60.201
60,Farrell,Janny,fjanny1n@ox.ac.uk,Male,173.236.201.220
61,Taylor,Di Maggio,tdimaggio1o@godaddy.com,Male,209.168.142.90
62,Tasha,Josephi,tjosephi1p@shinystat.com,Female,190.150.153.133
63,Susana,Cheal,scheal1q@sphinn.com,Female,180.243.0.145
64,Ingar,Eltune,ieltune1r@ucoz.com,Male,225.137.210.203
65,Dyann,Semarke,dsemarke1s@odnoklassniki.ru,Female,29.49.145.59
66,Elora,Malyj,emalyj1t@guardian.co.uk,Female,173.206.19.158
67,Serene,Patriche,spatriche1u@unesco.org,Female,63.211.130.67
68,Balduin,Ings,bings1v@cafepress.com,Male,124.69.86.172
69,Janene,Barthelme,jbarthelme1w@github.com,Female,36.17.238.20
70,Rafaelita,Santostefano.,rsantostefano1x@php.net,Female,140.15.66.164
71,Corrie,Sex,csex1y@netvibes.com,Female,123.16.204.193
72,Nani,Van der Baaren,nvanderbaaren1z@cnn.com,Female,233.8.179.10
73,Victoir,Harnetty,vharnetty20@slashdot.org,Male,48.253.255.83
74,Doralynne,Blumfield,dblumfield21@whitehouse.gov,Female,80.254.178.70
75,Petronilla,Dorre,pdorre22@hud.gov,Female,168.128.51.75
76,Marianne,Ashford,mashford23@narod.ru,Female,75.186.145.101
77,Shelby,Clelle,sclelle24@oracle.com,Female,38.55.146.110
78,Carmina,Hewins,chewins25@gnu.org,Female,138.68.24.203
79,Leann,Vanichkin,lvanichkin26@jimdo.com,Female,101.207.212.50
80,Ryley,Askam,raskam27@blog.com,Male,178.10.173.4
81,Aili,Monshall,amonshall28@webeden.co.uk,Female,220.195.246.5
82,Nickey,Togwell,ntogwell29@sbwire.com,Male,219.53.113.139
83,Burtie,Jerwood,bjerwood2a@quantcast.com,Male,11.253.142.37
84,Merry,Sarfas,msarfas2b@adobe.com,Female,203.198.231.220
85,Stavros,Batrick,sbatrick2c@accuweather.com,Male,245.29.136.233
86,Balduin,Juzek,bjuzek2d@tumblr.com,Male,194.152.187.185
87,Blinni,Hardwin,bhardwin2e@usatoday.com,Female,133.101.204.53
88,Maryanne,Itzakson,mitzakson2f@odnoklassniki.ru,Female,189.183.97.144
89,Nevsa,Alfonsetti,nalfonsetti2g@plala.or.jp,Female,252.69.175.45
90,Findley,Vigurs,fvigurs2h@dot.gov,Male,140.151.156.234
91,Sam,Strugnell,sstrugnell2i@ucoz.ru,Male,66.135.234.78
92,Krystalle,Sharnock,ksharnock2j@fda.gov,Female,158.104.100.183
93,Roderigo,Olohan,rolohan2k@elegantthemes.com,Male,213.230.220.91
94,Gilles,Benedite,gbenedite2l@amazon.co.jp,Male,227.180.68.111
95,Terri,Gemlett,tgemlett2m@123-reg.co.uk,Male,23.79.55.239
96,Ev,Baggelley,ebaggelley2n@ibm.com,Male,142.113.138.56
97,Anabella,Margiotta,amargiotta2o@reddit.com,Female,212.73.54.165
98,Alessandro,Lavielle,alavielle2p@wikimedia.org,Male,218.68.226.210
99,Chrotoem,Payne,cpayne2q@acquirethisname.com,Male,188.208.215.70
100,Jedidiah,McPeake,jmcpeake2r@eventbrite.com,Male,96.144.37.217
101,Lew,Rawlcliffe,lrawlcliffe2s@clickbank.net,Male,153.191.202.162
102,Mariya,Fairnington,mfairnington2t@army.mil,Female,114.86.152.157
103,Arlen,Petschelt,apetschelt2u@nydailynews.com,Female,161.216.18.28
104,Melitta,Spadoni,mspadoni2v@de.vu,Female,247.8.180.51
105,Jaquelyn,Charteris,jcharteris2w@about.me,Female,44.189.236.88
106,Isak,Maseres,imaseres2x@wikimedia.org,Male,9.217.144.19
107,Morgan,Jarrette,mjarrette2y@pinterest.com,Female,13.47.204.53
108,Alayne,Ringham,aringham2z@yale.edu,Female,221.207.250.113
109,Bevin,Berendsen,bberendsen30@newsvine.com,Male,245.52.167.16
110,Sarine,Koppelmann,skoppelmann31@desdev.cn,Female,155.190.32.130
111,Stephanie,Purdy,spurdy32@state.tx.us,Female,135.255.4.146
112,Timothy,Copeman,tcopeman33@shareasale.com,Male,73.155.12.221
113,Raddy,Banton,rbanton34@digg.com,Male,127.91.3.48
114,Sandro,Nizard,snizard35@stanford.edu,Male,175.171.143.234
115,Cheri,Lavallie,clavallie36@ft.com,Female,104.3.213.254
116,Aggy,Orridge,aorridge37@prweb.com,Female,198.249.68.138
117,Hobard,Tomasini,htomasini38@angelfire.com,Male,46.249.135.231
118,Louisa,Newcomb,lnewcomb39@shutterfly.com,Female,176.149.219.2
119,Homerus,Howe,hhowe3a@joomla.org,Male,70.19.46.56
120,Lidia,Kesley,lkesley3b@yellowpages.com,Female,19.185.164.39
121,Nester,Dripp,ndripp3c@army.mil,Male,130.109.127.126
122,Lurlene,Keddie,lkeddie3d@sourceforge.net,Female,149.21.55.210
123,Louie,Turnock,lturnock3e@ocn.ne.jp,Male,236.80.160.246
124,Dahlia,Matteotti,dmatteotti3f@simplemachines.org,Female,213.34.234.29
125,Bald,Kevane,bkevane3g@eepurl.com,Male,184.118.174.217
126,Wenda,Bainbrigge,wbainbrigge3h@ibm.com,Female,42.67.34.229
127,Lilyan,Threader,lthreader3i@desdev.cn,Female,223.127.116.105
128,Lyman,Laugherane,llaugherane3j@state.gov,Male,126.163.73.122
129,Elonore,Ferreiro,eferreiro3k@unblog.fr,Female,166.33.154.172
130,Harley,Anster,hanster3l@deviantart.com,Female,94.7.174.254
131,Haleigh,Runnett,hrunnett3m@xing.com,Male,249.33.253.166
132,Michelle,Ramsted,mramsted3n@comcast.net,Female,254.224.133.102
133,Renato,Punyer,rpunyer3o@jalbum.net,Male,218.66.28.177
134,Shaw,Fockes,sfockes3p@istockphoto.com,Male,112.25.187.71
135,Shandra,Hilldrup,shilldrup3q@rakuten.co.jp,Female,95.167.86.151
136,Patrizia,Ower,power3r@cbc.ca,Female,149.103.69.43
137,Chick,Cicchetto,ccicchetto3s@japanpost.jp,Male,252.209.97.84
138,Kissie,McCorrie,kmccorrie3t@mozilla.org,Female,114.189.167.235
139,Lonna,Haliday,lhaliday3u@squidoo.com,Female,26.136.69.193
140,Lanita,Trynor,ltrynor3v@cdc.gov,Female,31.250.230.230
141,Jodie,McCully,jmccully3w@time.com,Male,85.198.137.24
142,Edith,Ianiello,eianiello3x@gmpg.org,Female,176.121.235.110
143,Janessa,Tuxwell,jtuxwell3y@technorati.com,Female,83.211.165.28
144,Linnell,Ackrill,lackrill3z@indiatimes.com,Female,100.159.224.79
145,Paolo,Monks,pmonks40@accuweather.com,Male,174.80.48.205
146,Cedric,Priver,cpriver41@bloglines.com,Male,138.4.166.13
147,Coralyn,Cheers,ccheers42@acquirethisname.com,Female,191.91.108.196
148,Tabor,Jollye,tjollye43@loc.gov,Male,253.76.102.118
149,Agata,Gemson,agemson44@cisco.com,Female,126.185.104.3
150,Sergio,Hanbridge,shanbridge45@linkedin.com,Male,60.215.214.206
151,Carlotta,Killingworth,ckillingworth46@typepad.com,Female,50.57.53.121
152,Zack,Tripett,ztripett47@github.io,Male,182.243.219.223
153,Ulric,Ardy,uardy48@princeton.edu,Male,14.49.236.54
154,Humphrey,Cirlos,hcirlos49@telegraph.co.uk,Male,32.197.104.219
155,Denny,Couzens,dcouzens4a@altervista.org,Female,24.71.51.252
156,Gerty,Mellows,gmellows4b@guardian.co.uk,Female,37.2.94.118
157,Aigneis,Bowkley,abowkley4c@goo.ne.jp,Female,143.82.4.250
158,Roch,Arstall,rarstall4d@surveymonkey.com,Female,158.118.208.218
159,Salvador,Krzyzowski,skrzyzowski4e@cam.ac.uk,Male,50.162.132.231
160,Willi,MacGauhy,wmacgauhy4f@skyrock.com,Female,197.146.64.111
161,Danya,Barnes,dbarnes4g@oakley.com,Male,158.62.7.236
162,Yardley,Yellowlea,yyellowlea4h@yale.edu,Male,56.76.191.181
163,Guinevere,Iddison,giddison4i@liveinternet.ru,Female,135.77.206.120
164,Paton,Ioannou,pioannou4j@sciencedaily.com,Male,92.148.194.208
165,Bancroft,Cunniff,bcunniff4k@technorati.com,Male,57.130.173.194
166,Humfried,Dettmar,hdettmar4l@deliciousdays.com,Male,85.87.16.66
167,Stanly,Pischel,spischel4m@springer.com,Male,4.135.139.73
168,Bonnie,Amerighi,bamerighi4n@blogspot.com,Female,183.182.131.43
169,Mychal,Rushworth,mrushworth4o@reuters.com,Male,140.101.227.205
170,Derron,Husher,dhusher4p@walmart.com,Male,185.82.83.2
171,Packston,Morrish,pmorrish4q@issuu.com,Male,190.64.209.149
172,Kane,Abbie,kabbie4r@prlog.org,Male,207.208.36.240
173,Cary,Ancell,cancell4s@scribd.com,Male,65.47.190.59
174,Willdon,Tarbet,wtarbet4t@stanford.edu,Male,235.87.146.39
175,Rachelle,Kingswold,rkingswold4u@moonfruit.com,Female,204.228.165.158
176,Dayle,Howles,dhowles4v@elpais.com,Female,111.77.40.35
177,Renault,Beathem,rbeathem4w@independent.co.uk,Male,31.68.47.62
178,Normie,MacMenamie,nmacmenamie4x@de.vu,Male,74.246.4.24
179,Anabella,Makinson,amakinson4y@blogs.com,Female,108.26.87.163
180,Darren,Purseglove,dpurseglove4z@bbc.co.uk,Male,152.101.210.169
181,Brion,Wonfor,bwonfor50@imdb.com,Male,1.96.91.126
182,Mort,Summerton,msummerton51@flickr.com,Male,191.177.136.64
183,Keelia,Finley,kfinley52@bloglovin.com,Female,253.222.224.232
184,Jaye,Foulger,jfoulger53@cyberchimps.com,Male,38.39.48.169
185,Kort,Parnby,kparnby54@angelfire.com,Male,142.53.25.254
186,Crissy,Farrar,cfarrar55@hhs.gov,Female,222.19.10.223
187,Goraud,Walklate,gwalklate56@spotify.com,Male,45.170.181.120
188,Mellisent,Sumnall,msumnall57@cornell.edu,Female,85.11.247.228
189,Shelden,Elflain,selflain58@hugedomains.com,Male,195.173.213.33
190,Todd,Shaddick,tshaddick59@mlb.com,Male,200.201.158.162
191,Teressa,Meiklam,tmeiklam5a@whitehouse.gov,Female,1.122.179.55
192,Shadow,Dahmel,sdahmel5b@mayoclinic.com,Male,239.30.170.189
193,Dominica,Yoakley,dyoakley5c@ebay.co.uk,Female,220.181.178.179
194,Kerby,Bexley,kbexley5d@admin.ch,Male,96.177.247.58
195,Chelsie,Hosburn,chosburn5e@salon.com,Female,53.23.121.148
196,Meara,D'Alwis,mdalwis5f@statcounter.com,Female,74.143.92.141
197,Bobbette,Ryson,bryson5g@weebly.com,Female,109.102.53.139
198,Selina,Deighton,sdeighton5h@sourceforge.net,Female,93.247.148.114
199,Cass,Gowdridge,cgowdridge5i@washington.edu,Female,1.224.148.210
200,Linnet,Anglin,langlin5j@e-recht24.de,Female,147.2.69.156
201,Leonardo,Penelli,lpenelli5k@tinypic.com,Male,159.24.117.169
202,Morgana,Heeks,mheeks5l@apple.com,Female,13.62.136.113
203,Brigitte,Picot,bpicot5m@youtube.com,Female,237.120.156.35
204,Cece,Butterick,cbutterick5n@google.com.hk,Male,220.149.222.193
205,Willow,Ollin,wollin5o@apple.com,Female,202.169.80.89
206,Westbrooke,Lonsdale,wlonsdale5p@so-net.ne.jp,Male,211.248.173.141
207,Harrietta,Kleiser,hkleiser5q@desdev.cn,Female,125.97.186.128
208,Mendy,Kidstone,mkidstone5r@1und1.de,Male,224.75.99.217
209,Ham,Shyram,hshyram5s@buzzfeed.com,Male,30.134.126.195
210,Marietta,Dimont,mdimont5t@umich.edu,Female,124.209.63.32
211,Grete,Tarr,gtarr5u@amazonaws.com,Female,215.76.112.155
212,Blythe,Collen,bcollen5v@whitehouse.gov,Female,12.15.103.192
213,Nowell,Antczak,nantczak5w@discuz.net,Male,174.7.25.198
214,Alverta,Burdytt,aburdytt5x@yale.edu,Female,6.113.59.31
215,Eugenio,Cicci,ecicci5y@de.vu,Male,145.135.80.121
216,Gloria,Whiston,gwhiston5z@biblegateway.com,Female,148.126.191.4
217,Katharyn,Yegorchenkov,kyegorchenkov60@thetimes.co.uk,Female,250.15.145.15
218,Dasha,Steuhlmeyer,dsteuhlmeyer61@parallels.com,Female,198.72.40.100
219,Lalo,Foat,lfoat62@wikia.com,Male,80.17.76.219
220,Tiphanie,McLeoid,tmcleoid63@si.edu,Female,150.30.254.25
221,Micheline,Maingot,mmaingot64@gravatar.com,Female,16.246.180.211
222,Lise,Louth,llouth65@tinypic.com,Female,171.34.8.130
223,Aylmer,Wedge,awedge66@netscape.com,Male,181.149.81.249
224,Stevena,Sherme,ssherme67@php.net,Female,48.11.32.177
225,Calli,Aim,caim68@google.it,Female,15.134.109.175
226,Dennet,Parlot,dparlot69@sfgate.com,Male,121.18.167.155
227,Roderigo,Abells,rabells6a@wp.com,Male,232.175.96.188
228,Dulcine,Michiel,dmichiel6b@salon.com,Female,223.24.27.203
229,Cherianne,Boat,cboat6c@tiny.cc,Female,133.200.26.28
230,Randene,Mitchelson,rmitchelson6d@home.pl,Female,149.152.64.177
231,Colman,Goodricke,cgoodricke6e@cyberchimps.com,Male,146.123.129.216
232,Mack,Nuzzetti,mnuzzetti6f@purevolume.com,Male,241.73.212.99
233,Fredric,Lynes,flynes6g@is.gd,Male,145.106.38.93
234,Tatiania,Adamo,tadamo6h@google.co.uk,Female,167.22.174.220
235,Giraud,Crane,gcrane6i@symantec.com,Male,190.44.10.65
236,Camila,Wallis,cwallis6j@360.cn,Female,13.142.149.12
237,Sigfrid,Gilroy,sgilroy6k@chronoengine.com,Male,77.102.68.68
238,Heindrick,Howsego,hhowsego6l@google.ca,Male,243.210.215.88
239,Rafaelita,Heatley,rheatley6m@phoca.cz,Female,106.27.45.242
240,Tansy,Janjic,tjanjic6n@ed.gov,Female,215.30.197.59
241,Jaquelin,Nuton,jnuton6o@is.gd,Female,121.243.150.66
242,Mommy,Northcott,mnorthcott6p@1688.com,Female,165.101.135.85
243,Jesse,Skipton,jskipton6q@hp.com,Male,198.220.205.91
244,Xenos,Dybald,xdybald6r@chron.com,Male,53.10.34.255
245,Peta,Malkin,pmalkin6s@ebay.co.uk,Female,138.134.36.159
246,Bernie,Izzard,bizzard6t@boston.com,Female,93.38.60.114
247,Matelda,Goligly,mgoligly6u@studiopress.com,Female,224.87.62.202
248,Billye,Culshew,bculshew6v@prnewswire.com,Female,102.57.192.228
249,Huey,Hatherleigh,hhatherleigh6w@addthis.com,Male,129.167.146.122
250,Arron,Wherton,awherton6x@wikia.com,Male,185.146.68.145
251,Byron,Sambrok,bsambrok6y@technorati.com,Male,214.216.173.38
252,Hamlen,Payfoot,hpayfoot6z@taobao.com,Male,170.9.201.104
253,Leland,Kennerknecht,lkennerknecht70@infoseek.co.jp,Female,75.73.154.242
254,Cherrita,Okenfold,cokenfold71@rakuten.co.jp,Female,71.195.70.125
255,Timothy,Hazelhurst,thazelhurst72@arstechnica.com,Male,11.68.58.145
256,Rafaello,Nunan,rnunan73@hugedomains.com,Male,31.228.104.164
257,Damara,Binch,dbinch74@reverbnation.com,Female,170.10.139.248
258,Millicent,Bennellick,mbennellick75@privacy.gov.au,Female,9.250.40.144
259,Bari,Cunnah,bcunnah76@webs.com,Female,131.89.126.58
260,Gert,Eustace,geustace77@cnn.com,Female,212.204.207.0
261,Cece,Cresser,ccresser78@hubpages.com,Male,130.18.132.24
262,Caryl,Judkins,cjudkins79@liveinternet.ru,Male,215.152.254.193
263,Marijo,Westphal,mwestphal7a@bloglovin.com,Female,22.156.227.52
264,Kermy,Kincaid,kkincaid7b@census.gov,Male,150.22.58.139
265,Tadeas,Pallent,tpallent7c@cbsnews.com,Male,125.147.51.71
266,Sylas,Asling,sasling7d@seesaa.net,Male,46.51.160.15
267,Rinaldo,Jaqueme,rjaqueme7e@comcast.net,Male,40.190.216.185
268,Parsifal,Valintine,pvalintine7f@usgs.gov,Male,192.132.54.133
269,Robbie,Oneil,roneil7g@tiny.cc,Male,224.99.247.159
270,Marcelia,Worssam,mworssam7h@elpais.com,Female,211.245.60.174
271,Rob,Vogl,rvogl7i@phpbb.com,Male,102.135.21.55
272,Lynne,Guiducci,lguiducci7j@xrea.com,Female,178.95.100.64
273,Enos,Lindegard,elindegard7k@flickr.com,Male,197.79.202.197
274,Filberto,Grange,fgrange7l@networkadvertising.org,Male,211.135.236.81
275,Tabor,Sheed,tsheed7m@mtv.com,Male,229.191.50.129
276,Hillery,Roizin,hroizin7n@businesswire.com,Male,97.158.65.216
277,Anet,Beastall,abeastall7o@usnews.com,Female,81.114.218.1
278,Libbie,Dethloff,ldethloff7p@stanford.edu,Female,244.93.86.114
279,Fan,Brakewell,fbrakewell7q@ca.gov,Female,216.245.170.219
280,Stanley,Bickle,sbickle7r@so-net.ne.jp,Male,95.109.229.100
281,Fania,Dober,fdober7s@vk.com,Female,252.24.94.4
282,Vina,Staniforth,vstaniforth7t@gnu.org,Female,171.209.114.120
283,Gregg,Woodrow,gwoodrow7u@wisc.edu,Male,179.191.146.219
284,Tandie,De la Perrelle,tdelaperrelle7v@a8.net,Female,131.28.110.145
285,Greer,Watson-Brown,gwatsonbrown7w@studiopress.com,Female,109.168.221.46
286,Dugald,Buglass,dbuglass7x@nature.com,Male,34.117.213.37
287,Annmaria,Vanacci,avanacci7y@blogtalkradio.com,Female,164.70.65.190
288,Ulric,Kliment,ukliment7z@google.pl,Male,99.250.170.155
289,Nichole,Dicky,ndicky80@google.pl,Female,122.9.29.240
290,Simonne,Guinn,sguinn81@vinaora.com,Female,121.167.204.194
291,Matthew,Synnot,msynnot82@examiner.com,Male,85.28.45.238
292,Xymenes,Brute,xbrute83@hostgator.com,Male,224.206.202.176
293,Desmund,Von Salzberg,dvonsalzberg84@thetimes.co.uk,Male,181.133.232.208
294,Storm,Kerswell,skerswell85@51.la,Female,59.90.127.50
295,Yul,M'Chirrie,ymchirrie86@microsoft.com,Male,28.68.1.149
296,Artur,Elix,aelix87@issuu.com,Male,94.54.72.35
297,Jaynell,Branson,jbranson88@bloglovin.com,Female,22.55.123.211
298,Alejandrina,Lott,alott89@technorati.com,Female,253.28.161.85
299,Neddy,De Few,ndefew8a@dailymail.co.uk,Male,219.157.114.180
300,Sianna,Kaines,skaines8b@parallels.com,Female,102.75.18.42
301,Astrid,Shadfourth,ashadfourth8c@wikia.com,Female,215.211.47.49
302,Gearalt,Clatworthy,gclatworthy8d@lycos.com,Male,182.0.192.66
303,Hillyer,Harral,hharral8e@cyberchimps.com,Male,111.205.188.21
304,Lauritz,Beddall,lbeddall8f@exblog.jp,Male,158.193.107.202
305,Magdalena,Devaney,mdevaney8g@boston.com,Female,229.89.8.255
306,Gard,Aistrop,gaistrop8h@miibeian.gov.cn,Male,246.253.130.163
307,Shelby,Rowlson,srowlson8i@lycos.com,Male,216.205.227.102
308,Marni,Bendan,mbendan8j@webs.com,Female,92.159.232.175
309,Leeanne,Skala,lskala8k@phpbb.com,Female,235.80.185.163
310,Lenette,Dillingstone,ldillingstone8l@instagram.com,Female,236.90.14.145
311,Glynda,Popplewell,gpopplewell8m@indiatimes.com,Female,76.197.231.6
312,Hansiain,Whitney,hwhitney8n@mac.com,Male,28.212.30.179
313,Loree,Nutty,lnutty8o@wp.com,Female,67.137.72.69
314,Drud,Galvin,dgalvin8p@fema.gov,Male,10.218.230.195
315,Solly,Walstow,swalstow8q@wsj.com,Male,216.241.58.20
316,Shawn,Desantis,sdesantis8r@senate.gov,Male,55.179.249.47
317,Charissa,Kennagh,ckennagh8s@vimeo.com,Female,53.46.143.170
318,Darb,Lestor,dlestor8t@ucla.edu,Female,153.54.12.215
319,Daisey,Lillo,dlillo8u@house.gov,Female,170.210.251.215
320,Bobine,Coda,bcoda8v@edublogs.org,Female,98.239.128.88
321,Griffy,Queste,gqueste8w@nyu.edu,Male,52.179.84.213
322,Jermain,Chittenden,jchittenden8x@ted.com,Male,73.206.22.247
323,Harmony,Buttrey,hbuttrey8y@quantcast.com,Female,86.155.121.240
324,Rianon,Borthram,rborthram8z@europa.eu,Female,86.248.20.230
325,Stillman,Camerati,scamerati90@odnoklassniki.ru,Male,21.81.15.58
326,Reamonn,Gapper,rgapper91@icq.com,Male,134.218.33.249
327,Una,Jeanes,ujeanes92@arizona.edu,Female,96.84.250.36
328,Lyndell,Crux,lcrux93@soundcloud.com,Female,21.247.111.146
329,Corenda,Maudson,cmaudson94@cdbaby.com,Female,106.50.21.86
330,Mellie,Zwicker,mzwicker95@cmu.edu,Female,233.56.65.52
331,Dev,Haime,dhaime96@smh.com.au,Male,137.252.38.66
332,Tiffie,Rembrandt,trembrandt97@ebay.com,Female,96.158.35.203
333,Betsy,O'Dooghaine,bodooghaine98@joomla.org,Female,85.116.206.37
334,Karlan,Whitehorn,kwhitehorn99@printfriendly.com,Male,206.242.77.217
335,Lynn,MacKereth,lmackereth9a@technorati.com,Male,123.143.252.119
336,Sanders,Graddon,sgraddon9b@weather.com,Male,116.192.28.246
337,Tuckie,Colaton,tcolaton9c@blogs.com,Male,145.95.203.142
338,Orrin,Scolding,oscolding9d@uiuc.edu,Male,221.34.172.252
339,Gardiner,Cottill,gcottill9e@blogtalkradio.com,Male,54.148.51.162
340,Willey,Stronge,wstronge9f@reddit.com,Male,43.163.131.117
341,Maynard,Lorentzen,mlorentzen9g@geocities.jp,Male,74.31.215.17
342,Codie,Maultby,cmaultby9h@geocities.com,Female,163.66.65.186
343,Frances,Ebbage,febbage9i@skyrock.com,Female,251.129.3.247
344,Justine,Lyburn,jlyburn9j@netvibes.com,Female,158.149.96.225
345,Benedikta,Saull,bsaull9k@edublogs.org,Female,250.252.13.129
346,Melisande,Curnokk,mcurnokk9l@google.co.uk,Female,54.165.124.68
347,Shannan,Piggford,spiggford9m@economist.com,Male,136.172.101.174
348,Webb,Enderlein,wenderlein9n@blogtalkradio.com,Male,166.96.55.74
349,Raquela,Windybank,rwindybank9o@nyu.edu,Female,32.230.126.6
350,Anatollo,Leabeater,aleabeater9p@youtu.be,Male,101.73.16.49
351,April,Ethelstone,aethelstone9q@rambler.ru,Female,151.49.168.239
352,Enos,Deboick,edeboick9r@youtube.com,Male,18.217.29.13
353,Albert,Sheppey,asheppey9s@simplemachines.org,Male,139.38.39.110
354,Abram,Wilsdon,awilsdon9t@imageshack.us,Male,39.131.255.168
355,Carla,Farnhill,cfarnhill9u@newsvine.com,Female,180.137.241.226
356,Barri,Point,bpoint9v@skype.com,Male,33.87.194.10
357,Melody,Eggleston,meggleston9w@slate.com,Female,244.65.59.72
358,Linn,Cawcutt,lcawcutt9x@engadget.com,Female,169.169.51.216
359,Michelle,Roon,mroon9y@lulu.com,Female,84.70.155.210
360,Else,Chaffin,echaffin9z@sitemeter.com,Female,197.14.84.211
361,Veradis,Pallent,vpallenta0@artisteer.com,Female,197.172.185.92
362,Alexa,Huge,ahugea1@timesonline.co.uk,Female,227.97.97.60
363,Winslow,Hiner,whinera2@homestead.com,Male,226.21.152.195
364,Bianca,Hapke,bhapkea3@usgs.gov,Female,31.114.13.142
365,Osbert,Fenech,ofenecha4@washingtonpost.com,Male,194.249.54.240
366,Carney,Lufkin,clufkina5@imdb.com,Male,148.176.178.196
367,Danya,Braunlein,dbraunleina6@patch.com,Female,77.12.243.3
368,Kimberly,Strutz,kstrutza7@tripod.com,Female,113.4.254.26
369,Bret,Folkerts,bfolkertsa8@usa.gov,Male,124.5.62.192
370,Matty,Crocetto,mcrocettoa9@live.com,Male,146.203.65.6
371,Dorthy,Le Batteur,dlebatteuraa@sun.com,Female,101.48.133.175
372,Caty,Soans,csoansab@reddit.com,Female,38.33.246.77
373,Bride,Beaman,bbeamanac@yandex.ru,Female,43.203.130.61
374,Belicia,Larvor,blarvorad@w3.org,Female,214.251.111.188
375,Ysabel,Jotham,yjothamae@thetimes.co.uk,Female,213.203.101.248
376,Michale,Baxstare,mbaxstareaf@foxnews.com,Male,195.222.78.254
377,Ingrim,Pymar,ipymarag@ehow.com,Male,117.21.59.63
378,Kent,Fruen,kfruenah@dailymotion.com,Male,254.175.11.37
379,Stephan,Shobbrook,sshobbrookai@nih.gov,Male,50.93.143.2
380,Jaquith,Dottridge,jdottridgeaj@nymag.com,Female,99.110.109.50
381,Gloriane,Feige,gfeigeak@yellowbook.com,Female,65.181.52.5
382,Hillary,Sneesbie,hsneesbieal@canalblog.com,Male,132.232.2.200
383,Regen,Crowdace,rcrowdaceam@opensource.org,Male,91.58.196.112
384,Taffy,Bradmore,tbradmorean@youtube.com,Female,213.156.66.141
385,Bogart,Meak,bmeakao@purevolume.com,Male,212.47.197.178
386,Lurline,Burnip,lburnipap@php.net,Female,101.132.132.157
387,Ronica,Iddins,riddinsaq@bluehost.com,Female,73.127.116.252
388,Norrie,Cabane,ncabanear@mapy.cz,Male,152.254.240.251
389,Gilda,Couttes,gcouttesas@jigsy.com,Female,139.251.129.180
390,Aloisia,Collinson,acollinsonat@cornell.edu,Female,63.15.168.97
391,Nicky,McFater,nmcfaterau@typepad.com,Female,135.140.52.39
392,Elyse,Pyrke,epyrkeav@shareasale.com,Female,224.59.37.21
393,Dasie,Imlacke,dimlackeaw@sciencedaily.com,Female,50.117.11.37
394,Amery,O'Dea,aodeaax@time.com,Male,90.175.164.245
395,Agosto,Matijevic,amatijevicay@google.co.uk,Male,97.225.184.161
396,Sheffy,Giannoni,sgiannoniaz@hugedomains.com,Male,203.158.185.70
397,Cristie,Stockney,cstockneyb0@icq.com,Female,121.210.140.129
398,Marlie,Durnell,mdurnellb1@engadget.com,Female,9.244.222.65
399,Ketti,Allnutt,kallnuttb2@amazon.com,Female,180.224.75.18
400,Dalia,Viste,dvisteb3@nymag.com,Female,113.78.45.188
401,Berni,Redwin,bredwinb4@whitehouse.gov,Female,96.179.117.35
402,Farand,Robers,frobersb5@tumblr.com,Female,252.165.242.4
403,Eugenius,Luckham,eluckhamb6@surveymonkey.com,Male,200.181.152.176
404,Thatch,O'Glassane,toglassaneb7@multiply.com,Male,18.43.65.138
405,Alvin,Thams,athamsb8@blog.com,Male,229.114.128.229
406,Walker,Walklett,wwalklettb9@ebay.com,Male,248.130.229.89
407,Lazar,Bernaciak,lbernaciakba@diigo.com,Male,204.122.38.33
408,Matthaeus,Lasty,mlastybb@boston.com,Male,85.212.192.35
409,Ginnifer,Gadesby,ggadesbybc@tinyurl.com,Female,60.130.23.64
410,Innis,Blint,iblintbd@studiopress.com,Male,165.37.226.162
411,Dallon,Marcus,dmarcusbe@nifty.com,Male,233.91.12.69
412,Lorenza,Breward,lbrewardbf@taobao.com,Female,45.66.34.176
413,Farlie,Paskins,fpaskinsbg@mail.ru,Male,112.252.153.196
414,Hester,Bullon,hbullonbh@google.ru,Female,80.35.151.85
415,Phaedra,McGilvray,pmcgilvraybi@alibaba.com,Female,232.60.237.107
416,Bogart,Aust,baustbj@sina.com.cn,Male,245.199.178.198
417,Debera,Skellington,dskellingtonbk@skyrock.com,Female,15.85.128.84
418,Erastus,Downse,edownsebl@last.fm,Male,142.132.36.19
419,Nil,Scarman,nscarmanbm@over-blog.com,Male,20.209.116.123
420,Pierson,Jedrych,pjedrychbn@1688.com,Male,66.90.213.33
421,Dilly,Headon,dheadonbo@si.edu,Male,202.52.145.126
422,Renata,Stenners,rstennersbp@infoseek.co.jp,Female,67.134.236.63
423,Anatol,Hogbourne,ahogbournebq@narod.ru,Male,216.192.150.182
424,Victor,Lakenden,vlakendenbr@cargocollective.com,Male,154.37.203.95
425,Clementia,Duckfield,cduckfieldbs@pen.io,Female,68.94.193.221
426,Roz,Cratere,rcraterebt@mysql.com,Female,179.252.113.118
427,Erena,Synan,esynanbu@home.pl,Female,41.22.21.57
428,Ashleigh,Gregorace,agregoracebv@storify.com,Female,61.164.73.149
429,Piggy,Filasov,pfilasovbw@boston.com,Male,46.39.203.102
430,Maurine,Worton,mwortonbx@spotify.com,Female,223.191.232.172
431,Doug,Janaud,djanaudby@foxnews.com,Male,150.252.224.83
432,Uri,Briereton,ubrieretonbz@fema.gov,Male,115.32.160.107
433,Frederica,Pattie,fpattiec0@printfriendly.com,Female,171.169.178.248
434,Lelia,Rottcher,lrottcherc1@rediff.com,Female,127.61.11.60
435,Lauren,Atley,latleyc2@businessweek.com,Female,31.13.98.148
436,Brook,Harberer,bharbererc3@webeden.co.uk,Female,5.115.68.123
437,Anne,Fairs,afairsc4@canalblog.com,Female,163.79.248.176
438,Sisile,Rushbrook,srushbrookc5@youtube.com,Female,37.40.4.182
439,Glenn,Cobley,gcobleyc6@indiatimes.com,Male,153.58.237.203
440,Nessy,Parry,nparryc7@ehow.com,Female,98.28.0.224
441,Allx,Kalisch,akalischc8@springer.com,Female,230.11.112.246
442,Dianne,Purslow,dpurslowc9@slashdot.org,Female,54.186.88.183
443,Rora,Lorkin,rlorkinca@jigsy.com,Female,128.229.100.190
444,Ingra,Harriday,iharridaycb@irs.gov,Male,232.199.104.230
445,Berni,MacCaull,bmaccaullcc@geocities.com,Female,213.254.225.178
446,Vincents,Spaughton,vspaughtoncd@seesaa.net,Male,105.203.224.246
447,Norbie,Sidey,nsideyce@bloglovin.com,Male,24.33.125.64
448,Merilee,Toms,mtomscf@illinois.edu,Female,215.64.222.142
449,Adara,Andrzejczak,aandrzejczakcg@networksolutions.com,Female,54.206.144.189
450,Cordy,Janczyk,cjanczykch@answers.com,Male,126.185.45.95
451,Elisa,Brook,ebrookci@baidu.com,Female,221.4.108.177
452,Hestia,Morforth,hmorforthcj@cdbaby.com,Female,42.103.95.112
453,Lannie,Emma,lemmack@google.es,Male,14.188.3.229
454,Haywood,Allibon,halliboncl@com.com,Male,101.68.106.14
455,Thomasine,Domenc,tdomenccm@imageshack.us,Female,82.100.110.55
456,Addy,Bulstrode,abulstrodecn@mediafire.com,Male,199.242.110.235
457,Teodorico,Janda,tjandaco@usgs.gov,Male,123.40.92.103
458,Tedman,Roast,troastcp@accuweather.com,Male,147.71.180.114
459,Davide,Coupe,dcoupecq@smugmug.com,Male,128.135.242.84
460,Baillie,Giamelli,bgiamellicr@bloomberg.com,Male,191.124.186.179
461,Gaultiero,Stredder,gstreddercs@upenn.edu,Male,255.172.167.108
462,Isadora,Bonass,ibonassct@sfgate.com,Female,58.51.178.183
463,Pierre,Scarratt,pscarrattcu@dell.com,Male,163.7.237.82
464,Leonid,Morefield,lmorefieldcv@soup.io,Male,243.36.103.105
465,Julio,Tague,jtaguecw@barnesandnoble.com,Male,73.123.13.202
466,Louie,Goodreid,lgoodreidcx@phoca.cz,Male,60.231.118.234
467,Lotty,Bessom,lbessomcy@hexun.com,Female,25.146.84.236
468,Hillie,Rheam,hrheamcz@gizmodo.com,Male,193.89.90.199
469,Jobye,Missen,jmissend0@sakura.ne.jp,Female,244.56.206.186
470,Lilias,Oswald,loswaldd1@comsenz.com,Female,133.165.12.0
471,Sebastien,Oslar,soslard2@163.com,Male,107.201.61.212
472,Sam,Rummery,srummeryd3@wsj.com,Female,249.124.182.51
473,Ralph,Bertenshaw,rbertenshawd4@g.co,Male,31.89.76.4
474,Justina,Fairnington,jfairningtond5@csmonitor.com,Female,217.86.102.210
475,Mitzi,Pharro,mpharrod6@list-manage.com,Female,250.12.58.57
476,Dewain,Cotterel,dcottereld7@jalbum.net,Male,182.90.154.214
477,Lauree,Sockell,lsockelld8@symantec.com,Female,228.88.45.124
478,Bond,Cramp,bcrampd9@nba.com,Male,175.125.6.111
479,Sawyere,Pengelley,spengelleyda@nps.gov,Male,61.43.33.21
480,Appolonia,Donativo,adonativodb@tumblr.com,Female,104.139.40.1
481,Billye,Thews,bthewsdc@comsenz.com,Female,174.100.201.89
482,Hanson,Airlie,hairliedd@xinhuanet.com,Male,255.62.154.187
483,Marshal,Keward,mkewardde@wikimedia.org,Male,72.229.118.75
484,Dominik,Castelletti,dcastellettidf@usatoday.com,Male,223.249.228.195
485,Angele,Sayers,asayersdg@engadget.com,Female,220.199.107.218
486,Mill,Nazair,mnazairdh@geocities.com,Male,115.143.16.28
487,Isidoro,Grelka,igrelkadi@posterous.com,Male,203.171.233.239
488,Koral,Chansonnau,kchansonnaudj@stanford.edu,Female,160.176.67.121
489,Kev,Hamerton,khamertondk@sourceforge.net,Male,131.218.244.9
490,Dwayne,Toffts,dtofftsdl@twitpic.com,Male,101.202.155.233
491,Biron,Yanshonok,byanshonokdm@va.gov,Male,188.2.250.35
492,Sibyl,Achurch,sachurchdn@wordpress.com,Male,96.224.128.86
493,Colette,Cartwight,ccartwightdo@huffingtonpost.com,Female,133.120.99.149
494,Jenica,Twohig,jtwohigdp@springer.com,Female,143.240.138.164
495,Bonita,Dooney,bdooneydq@infoseek.co.jp,Female,218.180.61.17
496,Elnore,Rubi,erubidr@booking.com,Female,65.135.183.187
497,Mattias,Abrahart,mabrahartds@yellowpages.com,Male,181.10.35.119
498,Kristyn,Tremaine,ktremainedt@nyu.edu,Female,35.183.120.117
499,Mateo,Januszewicz,mjanuszewiczdu@vinaora.com,Male,171.81.44.143
500,Vite,Brabben,vbrabbendv@businessinsider.com,Male,74.56.132.174
501,Karole,Horsley,khorsleydw@icio.us,Female,166.221.160.41
502,Elsi,Butterick,ebutterickdx@tinyurl.com,Female,197.149.247.191
503,Clari,Viel,cvieldy@cnn.com,Female,40.163.178.182
504,Spencer,Leggat,sleggatdz@webeden.co.uk,Male,138.170.58.195
505,Saree,Speechly,sspeechlye0@dot.gov,Female,12.193.160.193
506,Ripley,Bilbrooke,rbilbrookee1@java.com,Male,214.210.17.50
507,Zeke,Origan,zorigane2@prweb.com,Male,87.158.217.244
508,Drusie,Alderton,daldertone3@toplist.cz,Female,24.183.183.174
509,Ellen,Proback,eprobacke4@jugem.jp,Female,194.185.176.190
510,Rhetta,Goodfellowe,rgoodfellowee5@indiatimes.com,Female,219.176.45.210
511,Yehudit,Karchewski,ykarchewskie6@china.com.cn,Male,19.127.126.204
512,Horatio,Ribey,hribeye7@uiuc.edu,Male,223.147.16.194
513,Ingamar,Cluse,iclusee8@bloomberg.com,Male,195.177.245.88
514,Jermayne,Handke,jhandkee9@sourceforge.net,Male,210.61.158.13
515,Tyler,Justis,tjustisea@sohu.com,Male,193.150.84.15
516,Dorella,Sidnell,dsidnelleb@google.es,Female,10.38.114.142
517,Clare,Allinson,callinsonec@weebly.com,Female,130.218.33.124
518,Maynord,Churchley,mchurchleyed@dagondesign.com,Male,114.4.19.0
519,Ethelred,Neubigging,eneubiggingee@addtoany.com,Male,60.159.54.136
520,Denise,McWhirter,dmcwhirteref@nba.com,Female,218.251.195.119
521,Westley,Toop,wtoopeg@baidu.com,Male,23.183.225.131
522,Montague,Wildber,mwildbereh@soup.io,Male,77.61.233.194
523,Fernande,Comusso,fcomussoei@so-net.ne.jp,Female,71.46.12.45
524,Maryl,McDonell,mmcdonellej@sakura.ne.jp,Female,47.120.81.53
525,Kimberli,Gamlen,kgamlenek@networksolutions.com,Female,166.25.156.203
526,Nikoletta,MacFall,nmacfallel@telegraph.co.uk,Female,155.39.81.170
527,Somerset,Wicher,swicherem@gnu.org,Male,187.213.218.47
528,Melina,Baumadier,mbaumadieren@google.pl,Female,80.217.9.75
529,Mireille,Westall,mwestalleo@bloglovin.com,Female,223.6.210.200
530,Laurice,O'Gavin,logavinep@noaa.gov,Female,165.104.234.199
531,Arty,Yukhnini,ayukhninieq@rambler.ru,Male,176.214.200.96
532,Byram,Okey,bokeyer@pinterest.com,Male,121.211.154.124
533,Andriette,Whittall,awhittalles@themeforest.net,Female,222.130.51.153
534,Ertha,Amery,eameryet@phpbb.com,Female,113.242.234.179
535,Durante,Lenox,dlenoxeu@oakley.com,Male,9.246.65.159
536,Jamie,Austick,jaustickev@sun.com,Male,24.191.134.200
537,Barbi,MacKey,bmackeyew@symantec.com,Female,111.53.76.169
538,Si,Cutchee,scutcheeex@com.com,Male,11.249.179.36
539,Benedetta,Littrick,blittrickey@webnode.com,Female,199.192.170.104
540,Ginger,Bradden,gbraddenez@zimbio.com,Female,151.184.168.41
541,Kleon,Yakubovics,kyakubovicsf0@gravatar.com,Male,6.105.254.102
542,Barbabas,Cancellieri,bcancellierif1@psu.edu,Male,65.239.53.75
543,Giraud,Gaskamp,ggaskampf2@jiathis.com,Male,62.157.186.247
544,Claire,Sokale,csokalef3@sfgate.com,Male,31.112.92.208
545,Ellen,Squier,esquierf4@shareasale.com,Female,241.32.160.73
546,Karna,Yewdale,kyewdalef5@angelfire.com,Female,135.212.25.21
547,Rica,Pindar,rpindarf6@aol.com,Female,1.245.165.103
548,Rollins,Allender,rallenderf7@unblog.fr,Male,203.91.157.41
549,Morna,MacSweeney,mmacsweeneyf8@umn.edu,Female,171.7.87.232
550,Cazzie,Mulford,cmulfordf9@wisc.edu,Male,234.160.71.83
551,Redd,Tembridge,rtembridgefa@storify.com,Male,210.231.166.79
552,Shaylyn,Macey,smaceyfb@blinklist.com,Female,116.15.23.27
553,Nancy,McCoveney,nmccoveneyfc@msn.com,Female,230.122.228.187
554,Emanuel,Gerty,egertyfd@intel.com,Male,200.129.237.125
555,Franz,Stuckow,fstuckowfe@who.int,Male,226.134.42.65
556,Fayre,Hauger,fhaugerff@163.com,Female,219.215.31.208
557,Fiorenze,Hamerton,fhamertonfg@stanford.edu,Female,47.129.84.98
558,Yuri,Crowdace,ycrowdacefh@jugem.jp,Male,171.197.166.191
559,Nevins,Domengue,ndomenguefi@usnews.com,Male,94.34.244.226
560,Yorgos,Drew-Clifton,ydrewcliftonfj@nps.gov,Male,39.62.73.218
561,Melissa,Checkley,mcheckleyfk@google.cn,Female,52.93.79.30
562,Aldrich,Dayer,adayerfl@usnews.com,Male,102.0.148.30
563,Filmore,Reoch,freochfm@nifty.com,Male,172.229.24.114
564,Birch,Winterscale,bwinterscalefn@usatoday.com,Male,9.78.158.221
565,Robinette,Deakan,rdeakanfo@oaic.gov.au,Female,157.127.12.133
566,Bank,Leatherland,bleatherlandfp@sun.com,Male,38.31.140.14
567,Deeanne,Pellew,dpellewfq@nyu.edu,Female,102.188.176.217
568,Arlyn,Dimmack,adimmackfr@wufoo.com,Female,238.119.15.37
569,Waldo,Whiff,wwhifffs@bbb.org,Male,115.4.173.252
570,Arlin,Mattioli,amattiolift@wikia.com,Male,207.67.125.66
571,Carlin,Dumbell,cdumbellfu@dot.gov,Male,169.53.82.59
572,Antonius,Bodega,abodegafv@is.gd,Male,68.234.178.142
573,Casandra,Corkish,ccorkishfw@g.co,Female,164.59.241.75
574,Ettie,Sinkin,esinkinfx@un.org,Female,146.183.134.134
575,Bambie,Cline,bclinefy@multiply.com,Female,135.162.59.67
576,Charlie,Hansen,chansenfz@hp.com,Male,44.16.192.166
577,Ursola,Longworthy,ulongworthyg0@auda.org.au,Female,250.194.94.170
578,Karlik,Fleckney,kfleckneyg1@webnode.com,Male,33.255.26.95
579,Urson,Stoakley,ustoakleyg2@google.nl,Male,173.116.147.94
580,Dierdre,Kerfoot,dkerfootg3@blogtalkradio.com,Female,35.230.159.89
581,Staci,Hendricks,shendricksg4@bloglovin.com,Female,114.6.250.104
582,Ilene,Halkyard,ihalkyardg5@arizona.edu,Female,99.82.109.177
583,Ken,Radish,kradishg6@deliciousdays.com,Male,75.78.141.111
584,Hill,Thoresbie,hthoresbieg7@aol.com,Male,123.124.217.248
585,Milty,Doggerell,mdoggerellg8@pbs.org,Male,159.102.0.229
586,Jamill,Maseyk,jmaseykg9@com.com,Male,93.162.111.204
587,Bartholemy,Von Der Empten,bvonderemptenga@marketwatch.com,Male,86.6.119.103
588,Kyle,Padson,kpadsongb@google.co.uk,Male,112.60.188.129
589,Jorey,Itchingham,jitchinghamgc@constantcontact.com,Female,149.229.183.222
590,Tann,Speer,tspeergd@acquirethisname.com,Male,197.227.146.161
591,Rayna,Masdin,rmasdinge@twitter.com,Female,184.181.223.176
592,Dianna,Etuck,detuckgf@ftc.gov,Female,162.71.121.204
593,Vickie,Ilyinykh,vilyinykhgg@clickbank.net,Female,40.169.178.3
594,Desi,Legerton,dlegertongh@odnoklassniki.ru,Male,119.106.0.101
595,Lyon,Speek,lspeekgi@surveymonkey.com,Male,181.215.236.79
596,Lowe,Bellhanger,lbellhangergj@latimes.com,Male,133.175.31.157
597,Dulcea,Pattrick,dpattrickgk@discuz.net,Female,37.241.191.145
598,Alleen,Hinckes,ahinckesgl@live.com,Female,251.210.95.205
599,Earlie,Carbert,ecarbertgm@ovh.net,Male,217.52.207.134
600,Jaquenetta,Skains,jskainsgn@nationalgeographic.com,Female,225.23.148.55
601,Olin,Rome,oromego@wufoo.com,Male,153.14.182.123
602,Burl,Giacopetti,bgiacopettigp@sciencedirect.com,Male,64.246.118.193
603,Haily,Pottie,hpottiegq@umich.edu,Male,57.6.77.65
604,Marchelle,Fletcher,mfletchergr@privacy.gov.au,Female,169.32.17.145
605,Marrissa,Virr,mvirrgs@state.gov,Female,6.204.80.35
606,Anthiathia,Colleford,acollefordgt@imdb.com,Female,186.91.161.76
607,Jerri,Pauls,jpaulsgu@tamu.edu,Male,180.59.94.14
608,Steve,Crother,scrothergv@soup.io,Male,123.125.178.194
609,Yancy,Godwyn,ygodwyngw@kickstarter.com,Male,181.38.0.167
610,Catrina,Bus,cbusgx@amazon.co.jp,Female,201.211.223.211
611,Anatol,Camolli,acamolligy@fema.gov,Male,202.133.131.223
612,Candie,Gori,cgorigz@bbb.org,Female,102.164.249.45
613,Markos,Legion,mlegionh0@mac.com,Male,96.80.39.27
614,Rozelle,O'Mannion,romannionh1@apple.com,Female,104.75.55.186
615,Justinn,McVicker,jmcvickerh2@hugedomains.com,Female,45.181.252.190
616,Berny,Styant,bstyanth3@usatoday.com,Male,252.67.203.249
617,Eduino,Stivens,estivensh4@sohu.com,Male,99.81.190.241
618,Katine,Coke,kcokeh5@webmd.com,Female,67.44.222.153
619,Beatrix,Roskruge,broskrugeh6@economist.com,Female,194.20.54.230
620,Isa,Emlyn,iemlynh7@adobe.com,Female,207.2.232.162
621,Dorotea,Americi,damericih8@bloglines.com,Female,2.241.244.146
622,Milzie,Monkley,mmonkleyh9@soup.io,Female,138.164.162.165
623,Peggy,Audrey,paudreyha@tinyurl.com,Female,56.19.26.159
624,Alyosha,Girkin,agirkinhb@cargocollective.com,Male,71.228.220.3
625,Cynthie,Warner,cwarnerhc@cocolog-nifty.com,Female,134.207.141.187
626,Dominique,Burnhill,dburnhillhd@fc2.com,Female,51.111.124.18
627,Schuyler,Pilling,spillinghe@xinhuanet.com,Male,131.131.18.167
628,Orazio,Hadwin,ohadwinhf@goo.ne.jp,Male,149.56.149.254
629,Roxine,Neles,rneleshg@webs.com,Female,36.114.244.161
630,Phaedra,Limbrick,plimbrickhh@samsung.com,Female,104.131.123.122
631,Giorgia,Karolyi,gkarolyihi@t-online.de,Female,123.176.132.192
632,Corbett,Hazleton,chazletonhj@goodreads.com,Male,55.253.248.48
633,Shermy,Calcott,scalcotthk@scientificamerican.com,Male,121.157.132.174
634,Jon,MacShane,jmacshanehl@jiathis.com,Male,112.145.33.166
635,Lusa,Hannabus,lhannabushm@intel.com,Female,239.178.225.204
636,Artus,McLorinan,amclorinanhn@gizmodo.com,Male,72.207.239.134
637,Orren,Ellin,oellinho@smh.com.au,Male,25.43.92.186
638,Welbie,Polk,wpolkhp@istockphoto.com,Male,67.8.236.88
639,Eleanore,Arlett,earletthq@myspace.com,Female,151.41.225.110
640,Pearce,Epgrave,pepgravehr@cam.ac.uk,Male,134.91.93.38
641,Allianora,Stagg,astagghs@wsj.com,Female,4.19.23.10
642,Lief,Howsden,lhowsdenht@walmart.com,Male,56.16.0.189
643,Delores,Oloshin,doloshinhu@uol.com.br,Female,195.54.23.62
644,Skelly,Wetherick,swetherickhv@ustream.tv,Male,50.151.121.142
645,Sig,Ciccone,scicconehw@cloudflare.com,Male,83.90.156.245
646,Norry,Lathbury,nlathburyhx@marriott.com,Male,248.39.198.172
647,Meade,Jerrome,mjerromehy@aol.com,Female,196.0.27.73
648,Barbra,Chicotti,bchicottihz@so-net.ne.jp,Female,134.145.237.210
649,Liza,Dobkin,ldobkini0@linkedin.com,Female,0.18.103.38
650,Magdalen,Hyndes,mhyndesi1@washingtonpost.com,Female,128.238.125.127
651,Cos,Hogsden,chogsdeni2@whitehouse.gov,Male,89.170.16.92
652,Poppy,Aime,paimei3@ihg.com,Female,73.109.234.136
653,Parry,Carmichael,pcarmichaeli4@huffingtonpost.com,Male,51.236.230.208
654,Aline,Bampfield,abampfieldi5@baidu.com,Female,40.240.0.205
655,Isaak,Petow,ipetowi6@devhub.com,Male,233.217.53.244
656,Jasun,Pearne,jpearnei7@eventbrite.com,Male,116.226.92.83
657,Avery,Waind,awaindi8@sohu.com,Male,115.128.162.63
658,Benton,Bourton,bbourtoni9@feedburner.com,Male,32.87.122.34
659,Bernetta,Crump,bcrumpia@wired.com,Female,7.248.184.180
660,Allen,Crofts,acroftsib@cpanel.net,Male,134.160.142.254
661,Tiertza,Keune,tkeuneic@scribd.com,Female,100.102.88.148
662,Gilles,Makiver,gmakiverid@cam.ac.uk,Male,113.109.149.125
663,Delmar,Meadus,dmeadusie@army.mil,Male,71.64.206.111
664,Layne,Impy,limpyif@artisteer.com,Female,228.29.240.244
665,Emmaline,Kerwick,ekerwickig@bravesites.com,Female,123.249.22.23
666,Dara,Spradbery,dspradberyih@t.co,Female,93.63.37.221
667,Dulcea,Blumfield,dblumfieldii@webmd.com,Female,255.26.233.107
668,Linn,Jehaes,ljehaesij@nsw.gov.au,Male,165.104.45.12
669,Hamilton,Devine,hdevineik@dmoz.org,Male,106.209.140.162
670,Martelle,Rutley,mrutleyil@myspace.com,Female,97.79.2.114
671,Jeanna,Joron,jjoronim@biglobe.ne.jp,Female,232.158.62.143
672,Aldric,De Giorgio,adegiorgioin@printfriendly.com,Male,77.183.50.124
673,Arch,Mullett,amullettio@de.vu,Male,135.143.249.15
674,Hayden,Treweke,htrewekeip@livejournal.com,Male,56.195.65.198
675,Dareen,Poynor,dpoynoriq@washington.edu,Female,93.111.14.87
676,Dinnie,Delagnes,ddelagnesir@omniture.com,Female,238.15.61.214
677,Moises,Ingry,mingryis@addthis.com,Male,125.33.128.218
678,Berke,Camerello,bcamerelloit@arizona.edu,Male,111.130.12.77
679,Dewain,Harte,dharteiu@army.mil,Male,27.73.44.83
680,Chelsae,Holttom,cholttomiv@google.de,Female,183.88.234.39
681,Taffy,Plester,tplesteriw@princeton.edu,Female,10.88.240.145
682,Valentina,Goracci,vgoracciix@illinois.edu,Female,116.250.184.127
683,Elvera,Ilsley,eilsleyiy@imgur.com,Female,43.199.238.33
684,Liva,Hinkens,lhinkensiz@hugedomains.com,Female,116.197.50.199
685,Mame,Woodthorpe,mwoodthorpej0@ucsd.edu,Female,240.6.213.6
686,Cesar,Hexham,chexhamj1@pinterest.com,Male,79.92.55.243
687,Vivianne,Stower,vstowerj2@ning.com,Female,230.202.136.214
688,Ransom,Cornuau,rcornuauj3@mlb.com,Male,249.30.159.127
689,Karalee,Debnam,kdebnamj4@wufoo.com,Female,150.154.165.80
690,Bertie,Bellfield,bbellfieldj5@scribd.com,Male,104.10.238.70
691,Rosalie,Taylor,rtaylorj6@walmart.com,Female,245.182.252.49
692,Dana,Crandon,dcrandonj7@istockphoto.com,Female,221.19.192.86
693,Marice,Cowitz,mcowitzj8@walmart.com,Female,12.75.11.215
694,Wini,Matteau,wmatteauj9@wordpress.com,Female,66.147.222.187
695,Nissa,Scurrell,nscurrellja@stanford.edu,Female,211.25.235.139
696,Jennine,McKim,jmckimjb@bloglovin.com,Female,137.194.141.115
697,Jori,Foyle,jfoylejc@statcounter.com,Female,5.76.47.205
698,Rafaelia,Strachan,rstrachanjd@ucsd.edu,Female,46.182.243.44
699,Dewey,Botton,dbottonje@topsy.com,Male,93.242.22.99
700,Annnora,Lavery,alaveryjf@macromedia.com,Female,202.88.150.134
701,Riobard,Dibsdale,rdibsdalejg@amazonaws.com,Male,113.173.83.112
702,Kathlin,Casse,kcassejh@instagram.com,Female,197.184.202.101
703,Carl,Lowmass,clowmassji@ovh.net,Male,136.223.65.75
704,Hart,Sandyford,hsandyfordjj@slideshare.net,Male,209.77.129.0
705,Westbrooke,Keeling,wkeelingjk@joomla.org,Male,255.52.203.50
706,Jabez,Goldberg,jgoldbergjl@si.edu,Male,157.149.247.34
707,Alric,Seviour,aseviourjm@over-blog.com,Male,243.133.233.133
708,Chiquita,Mossman,cmossmanjn@paypal.com,Female,180.117.65.161
709,Carleton,Torbeck,ctorbeckjo@theatlantic.com,Male,39.241.125.166
710,Filmore,Childerley,fchilderleyjp@devhub.com,Male,205.48.188.95
711,Craggy,O'Cooney,cocooneyjq@topsy.com,Male,37.105.14.239
712,Denny,Pershouse,dpershousejr@economist.com,Male,147.150.153.17
713,Analiese,Acreman,aacremanjs@dot.gov,Female,161.67.191.46
714,Katee,Zellner,kzellnerjt@unesco.org,Female,14.203.165.87
715,Amata,Tilberry,atilberryju@privacy.gov.au,Female,126.19.54.213
716,Opal,Zollner,ozollnerjv@creativecommons.org,Female,152.147.104.76
717,Albina,Reddin,areddinjw@oracle.com,Female,18.196.185.33
718,Farah,Chifney,fchifneyjx@cbslocal.com,Female,72.133.60.58
719,Alric,Artindale,aartindalejy@newyorker.com,Male,142.120.55.224
720,Lenee,Grandham,lgrandhamjz@pcworld.com,Female,14.62.116.176
721,Elwyn,Huckleby,ehucklebyk0@vkontakte.ru,Male,136.199.188.154
722,Emmy,Clac,eclack1@amazon.co.jp,Female,232.174.128.115
723,Rossy,Tokley,rtokleyk2@google.com.br,Male,204.221.206.204
724,Udall,Wardingley,uwardingleyk3@ning.com,Male,136.132.249.45
725,Larry,Hains,lhainsk4@state.gov,Male,227.70.223.155
726,Saundra,Nolder,snolderk5@wikipedia.org,Male,231.255.223.10
727,Maddie,Tressler,mtresslerk6@wisc.edu,Male,210.26.64.20
728,Rosalinde,Sliman,rslimank7@va.gov,Female,12.51.155.206
729,Blinny,Acott,bacottk8@i2i.jp,Female,126.217.125.35
730,Daryn,Bareham,dbarehamk9@seattletimes.com,Female,198.77.137.31
731,Nigel,Mabey,nmabeyka@prnewswire.com,Male,252.83.112.197
732,Reynard,Gisbourn,rgisbournkb@ebay.com,Male,212.74.163.25
733,Orren,Dunsmuir,odunsmuirkc@mysql.com,Male,239.239.100.70
734,Hans,Dorricott,hdorricottkd@opera.com,Male,209.129.123.146
735,Chas,Shildrake,cshildrakeke@state.tx.us,Male,238.193.237.99
736,Flint,Slocket,fslocketkf@bing.com,Male,209.112.46.85
737,Danny,Pullin,dpullinkg@lycos.com,Male,64.120.184.145
738,Lyndel,Chipping,lchippingkh@usda.gov,Female,117.150.221.91
739,Alisha,Lipp,alippki@over-blog.com,Female,17.42.3.250
740,Niko,Hammatt,nhammattkj@blogspot.com,Male,109.51.161.226
741,Taddeusz,Grewcock,tgrewcockkk@surveymonkey.com,Male,238.184.108.116
742,Orran,Redferne,oredfernekl@bloomberg.com,Male,50.68.208.116
743,Tim,Erley,terleykm@amazon.co.uk,Male,224.204.207.143
744,Derick,Schole,dscholekn@spiegel.de,Male,147.185.203.94
745,Leonidas,Tyer,ltyerko@cpanel.net,Male,186.46.60.252
746,Erasmus,Worster,eworsterkp@123-reg.co.uk,Male,194.16.206.109
747,Julita,Pendrid,jpendridkq@tripadvisor.com,Female,9.44.148.245
748,Ulrike,Lygoe,ulygoekr@cmu.edu,Female,175.59.140.37
749,Nicolas,Mundell,nmundellks@woothemes.com,Male,12.174.143.59
750,Raddie,Dubique,rdubiquekt@usa.gov,Male,174.166.186.255
751,Ronalda,O'Keaveny,rokeavenyku@icio.us,Female,170.227.180.146
752,Myca,Barbery,mbarberykv@ebay.com,Male,3.64.228.81
753,Modesta,Noon,mnoonkw@reuters.com,Female,108.133.216.29
754,Darren,Ceaplen,dceaplenkx@netscape.com,Male,71.183.69.215
755,Aland,Barlthrop,abarlthropky@fastcompany.com,Male,142.240.91.118
756,Rossy,Boston,rbostonkz@ucoz.ru,Male,150.169.226.128
757,Dode,Mulholland,dmulhollandl0@amazon.de,Female,31.76.63.26
758,Editha,Jaqueme,ejaquemel1@tinyurl.com,Female,25.184.152.207
759,Tawnya,Turrill,tturrilll2@goodreads.com,Female,62.86.64.14
760,Joyan,MacPake,jmacpakel3@earthlink.net,Female,145.220.21.140
761,Aurlie,Muehler,amuehlerl4@economist.com,Female,156.70.237.33
762,Nevile,Slayton,nslaytonl5@army.mil,Male,78.33.162.37
763,Freda,Craxford,fcraxfordl6@hugedomains.com,Female,248.34.240.146
764,Sibyl,Phifer,sphiferl7@japanpost.jp,Female,60.171.197.49
765,Estevan,Lefort,elefortl8@newyorker.com,Male,4.230.50.164
766,Virgina,Frewer,vfrewerl9@yahoo.co.jp,Female,232.178.181.46
767,Lennard,Mussolini,lmussolinila@sitemeter.com,Male,133.50.142.115
768,Pryce,Woollends,pwoollendslb@tamu.edu,Male,255.191.190.125
769,Corty,Shingler,cshinglerlc@bigcartel.com,Male,48.145.12.243
770,Griff,Alleyn,galleynld@eventbrite.com,Male,162.45.12.238
771,Adela,Taye,atayele@privacy.gov.au,Female,74.152.39.57
772,Guglielma,Lawrenceson,glawrencesonlf@youtu.be,Female,190.236.111.142
773,Petronilla,Lacroutz,placroutzlg@msn.com,Female,129.41.180.161
774,Grannie,Took,gtooklh@storify.com,Male,113.204.148.35
775,Bryon,Cheeney,bcheeneyli@boston.com,Male,229.53.135.30
776,Case,Benns,cbennslj@umn.edu,Male,142.199.45.107
777,Natassia,Botright,nbotrightlk@qq.com,Female,196.181.213.217
778,Chelsey,Rosenbloom,crosenbloomll@elegantthemes.com,Female,224.111.47.231
779,Dreddy,O'Sculley,dosculleylm@prweb.com,Female,228.153.154.161
780,Costanza,Pamment,cpammentln@issuu.com,Female,43.179.190.0
781,Quill,Gracewood,qgracewoodlo@baidu.com,Male,28.13.149.212
782,Tallie,Archard,tarchardlp@wired.com,Male,59.18.191.222
783,Brandice,Echalie,bechalielq@yellowbook.com,Female,121.245.109.21
784,Cointon,Bogays,cbogayslr@adobe.com,Male,187.192.5.96
785,Joshia,Oakenfall,joakenfallls@tmall.com,Male,50.145.192.232
786,Helen,Prescott,hprescottlt@arizona.edu,Female,73.229.137.192
787,Moyra,O'Meara,momearalu@scientificamerican.com,Female,152.128.236.91
788,Bogart,Keasy,bkeasylv@walmart.com,Male,107.86.45.96
789,Shaylah,Witherspoon,switherspoonlw@stumbleupon.com,Female,45.158.71.199
790,Chevalier,Shercliff,csherclifflx@edublogs.org,Male,255.211.74.109
791,Ninon,Savoury,nsavouryly@soup.io,Female,174.112.24.177
792,Jozef,Beevors,jbeevorslz@ehow.com,Male,52.120.46.100
793,Xylina,Coll,xcollm0@fotki.com,Female,3.59.143.87
794,Sylvan,Sivorn,ssivornm1@infoseek.co.jp,Male,63.47.13.251
795,Steve,Whayman,swhaymanm2@storify.com,Male,146.8.11.109
796,Sybilla,Gallard,sgallardm3@e-recht24.de,Female,162.120.175.82
797,Nikita,Satford,nsatfordm4@opensource.org,Male,175.189.218.6
798,Taylor,Lechmere,tlechmerem5@jimdo.com,Male,113.67.60.64
799,Saidee,Kerner,skernerm6@bing.com,Female,133.118.61.147
800,Sim,Askam,saskamm7@mashable.com,Male,244.135.123.250
801,Evelina,Naper,enaperm8@fda.gov,Female,87.132.94.79
802,Jake,Swepson,jswepsonm9@dailymail.co.uk,Male,197.108.165.99
803,Liuka,Klimov,lklimovma@flavors.me,Female,168.30.217.64
804,Auroora,Zellner,azellnermb@barnesandnoble.com,Female,125.126.180.85
805,Ketty,Brobak,kbrobakmc@bigcartel.com,Female,166.87.242.61
806,Karol,Izakoff,kizakoffmd@storify.com,Female,193.109.148.125
807,Elsy,Peiser,epeiserme@usatoday.com,Female,13.140.141.137
808,Jessee,Syrie,jsyriemf@japanpost.jp,Male,90.140.240.175
809,Irwin,Baynon,ibaynonmg@nydailynews.com,Male,86.92.204.83
810,Lowe,Ateridge,lateridgemh@nifty.com,Male,165.19.162.145
811,Sammy,Knowlton,sknowltonmi@eventbrite.com,Female,46.115.242.141
812,Sibby,Lubomirski,slubomirskimj@hibu.com,Female,61.177.151.82
813,Klement,Lampkin,klampkinmk@nyu.edu,Male,66.83.109.46
814,Edie,McSorley,emcsorleyml@discovery.com,Female,50.10.246.89
815,Rochelle,Niave,rniavemm@canalblog.com,Female,197.114.243.248
816,Patin,Maylour,pmaylourmn@un.org,Male,165.153.179.197
817,Lonni,Gianotti,lgianottimo@sakura.ne.jp,Female,215.35.148.159
818,Letisha,Pridgeon,lpridgeonmp@google.nl,Female,60.137.58.75
819,Emilie,Eschelle,eeschellemq@amazon.co.uk,Female,120.89.174.17
820,Anna-maria,Muselli,amusellimr@miibeian.gov.cn,Female,9.161.46.245
821,Balduin,Harrell,bharrellms@woothemes.com,Male,229.22.190.199
822,Jaye,Burdas,jburdasmt@google.es,Male,176.251.148.204
823,Celia,Bottby,cbottbymu@usnews.com,Female,105.216.56.166
824,Valery,Pasticznyk,vpasticznykmv@nyu.edu,Female,98.226.69.173
825,Suzette,McAless,smcalessmw@cisco.com,Female,92.71.133.59
826,Lucias,Bortolutti,lbortoluttimx@xing.com,Male,107.49.136.100
827,Christoph,Maus,cmausmy@whitehouse.gov,Male,41.95.167.69
828,Rycca,Cowwell,rcowwellmz@hud.gov,Female,195.203.231.35
829,Mateo,Antos,mantosn0@imgur.com,Male,86.245.119.199
830,Demetre,Digweed,ddigweedn1@webnode.com,Male,243.42.228.9
831,Joli,Dignam,jdignamn2@wikia.com,Female,104.98.169.252
832,Aliza,Helin,ahelinn3@cnn.com,Female,114.92.228.95
833,Jaye,Greatham,jgreathamn4@bloomberg.com,Male,163.212.182.235
834,Lucian,Chicco,lchiccon5@wufoo.com,Male,27.13.28.117
835,Clayborn,Pyer,cpyern6@answers.com,Male,154.9.181.107
836,Lea,Van der Mark,lvandermarkn7@amazonaws.com,Female,150.222.133.62
837,D'arcy,Strotone,dstrotonen8@vk.com,Male,37.186.113.139
838,Eli,Hutchinges,ehutchingesn9@lycos.com,Male,138.0.73.11
839,Sybilla,Zamora,szamorana@sphinn.com,Female,68.133.200.194
840,Ginni,Husthwaite,ghusthwaitenb@a8.net,Female,78.66.222.133
841,Garvin,Norville,gnorvillenc@surveymonkey.com,Male,24.164.124.216
842,Myrtle,Brabbins,mbrabbinsnd@bloglovin.com,Female,132.21.165.197
843,Nico,Bickley,nbickleyne@auda.org.au,Male,101.225.117.171
844,Wood,Cruikshank,wcruikshanknf@alibaba.com,Male,116.197.33.35
845,Anders,Burdas,aburdasng@angelfire.com,Male,171.87.219.238
846,Hamid,Massinger,hmassingernh@people.com.cn,Male,27.58.33.75
847,Lulita,Curnock,lcurnockni@alexa.com,Female,21.72.146.75
848,Eilis,Schaben,eschabennj@netscape.com,Female,39.194.119.62
849,Ravi,Prendergast,rprendergastnk@engadget.com,Male,232.41.3.20
850,Stanford,Wilshere,swilsherenl@wix.com,Male,56.50.170.129
851,Sissy,Royce,sroycenm@weebly.com,Female,184.110.50.200
852,Carolyn,Aggett,caggettnn@google.it,Female,53.102.126.29
853,Larry,Lettson,llettsonno@google.pl,Male,4.92.79.218
854,Brandise,Midlar,bmidlarnp@cafepress.com,Female,8.14.56.203
855,Aliza,Tolfrey,atolfreynq@vimeo.com,Female,40.184.112.135
856,Dall,Million,dmillionnr@webnode.com,Male,224.52.162.228
857,Tim,Brannon,tbrannonns@hostgator.com,Female,105.211.21.37
858,Gracia,Mulqueeny,gmulqueenynt@admin.ch,Female,96.34.36.94
859,Wolfgang,Maro,wmaronu@huffingtonpost.com,Male,20.64.177.134
860,Isis,Deeny,ideenynv@addtoany.com,Female,34.83.171.130
861,Chuck,Hampton,champtonnw@blogs.com,Male,11.115.251.241
862,Drucie,Castles,dcastlesnx@google.de,Female,163.215.240.193
863,Gordan,Rings,gringsny@pbs.org,Male,209.202.202.100
864,Malachi,Glacken,mglackennz@ebay.co.uk,Male,67.163.223.164
865,Lorant,Ingerman,lingermano0@networksolutions.com,Male,10.172.197.89
866,Tara,Blenkinship,tblenkinshipo1@archive.org,Female,226.72.113.229
867,Emmett,Moatt,emoatto2@bbc.co.uk,Male,219.132.34.40
868,Bidget,Iddons,biddonso3@zimbio.com,Female,49.110.120.107
869,Lorrie,Ripley,lripleyo4@craigslist.org,Male,130.34.128.149
870,Joni,Woollin,jwoollino5@hubpages.com,Female,186.132.60.205
871,Maddy,Serraillier,mserrailliero6@smh.com.au,Female,223.143.172.182
872,Rodrigo,Tapley,rtapleyo7@reverbnation.com,Male,71.94.54.15
873,Sheela,Vyel,svyelo8@disqus.com,Female,235.172.158.224
874,Isacco,Fullerd,ifullerdo9@yelp.com,Male,38.249.180.89
875,Ritchie,Sparrowhawk,rsparrowhawkoa@hostgator.com,Male,185.227.97.42
876,Rusty,Pengilley,rpengilleyob@exblog.jp,Male,211.13.20.129
877,Helaine,Balthasar,hbalthasaroc@weebly.com,Female,40.185.83.170
878,Antoinette,Speddin,aspeddinod@bloomberg.com,Female,50.198.31.142
879,Kippy,Sirey,ksireyoe@globo.com,Male,108.194.2.157
880,May,Minchin,mminchinof@hao123.com,Female,224.46.236.247
881,Nichol,Motion,nmotionog@craigslist.org,Female,200.202.92.95
882,Wyn,Blazey,wblazeyoh@theglobeandmail.com,Male,2.241.76.40
883,Osborne,Rounding,oroundingoi@youtube.com,Male,162.62.168.15
884,Charmine,Perigo,cperigooj@deviantart.com,Female,209.90.237.17
885,Davide,Purselowe,dpurseloweok@cpanel.net,Male,190.108.139.183
886,Milicent,Habin,mhabinol@bandcamp.com,Female,195.170.171.12
887,Bobbette,De Bruin,bdebruinom@fastcompany.com,Female,58.110.18.204
888,Issie,Stansall,istansallon@gizmodo.com,Female,110.239.170.165
889,Mel,Doughton,mdoughtonoo@gizmodo.com,Male,195.74.142.204
890,Jenelle,Kinastan,jkinastanop@eventbrite.com,Female,223.156.189.56
891,Julee,Billson,jbillsonoq@dagondesign.com,Female,68.123.53.91
892,Addy,Rosingdall,arosingdallor@amazon.de,Female,191.65.213.83
893,Gar,Gillanders,ggillandersos@usgs.gov,Male,18.74.209.227
894,Clementius,Pressnell,cpressnellot@unicef.org,Male,165.255.78.63
895,Justino,Furze,jfurzeou@ucla.edu,Male,149.238.219.114
896,Ertha,Laughren,elaughrenov@topsy.com,Female,228.55.232.225
897,Allina,Miles,amilesow@reverbnation.com,Female,98.185.183.222
898,Joye,Rossbrook,jrossbrookox@vinaora.com,Female,127.15.6.180
899,Had,Radnage,hradnageoy@economist.com,Male,50.104.68.155
900,Osbourn,Giamelli,ogiamellioz@noaa.gov,Male,36.17.225.130
901,Templeton,Carnson,tcarnsonp0@sourceforge.net,Male,76.42.41.6
902,Lorri,Allnatt,lallnattp1@youku.com,Female,47.17.204.109
903,Serena,Curless,scurlessp2@1und1.de,Female,44.145.48.149
904,Iseabal,Hocking,ihockingp3@paginegialle.it,Female,112.46.21.240
905,Robby,Flicker,rflickerp4@china.com.cn,Female,21.147.192.65
906,Washington,Gilder,wgilderp5@ft.com,Male,44.254.253.137
907,Eunice,Abdee,eabdeep6@list-manage.com,Female,255.32.164.3
908,Christophorus,Tacey,ctaceyp7@studiopress.com,Male,165.252.161.77
909,Sherwin,Whitehead,swhiteheadp8@dyndns.org,Male,180.85.181.22
910,Raimundo,Mattingly,rmattinglyp9@earthlink.net,Male,249.90.32.164
911,Cleopatra,Philippou,cphilippoupa@europa.eu,Female,147.13.36.9
912,Whitaker,Banbrigge,wbanbriggepb@craigslist.org,Male,55.154.249.112
913,Oliviero,Shakelady,oshakeladypc@ox.ac.uk,Male,118.81.254.98
914,Con,Delagua,cdelaguapd@yolasite.com,Male,151.89.138.206
915,Cazzie,Thickett,cthickettpe@globo.com,Male,238.17.113.160
916,Kris,Kimberly,kkimberlypf@mlb.com,Male,187.211.10.96
917,Meggy,Reven,mrevenpg@scientificamerican.com,Female,105.209.212.134
918,Amelita,Bodle,abodleph@cdc.gov,Female,62.181.83.96
919,Clary,Cubbon,ccubbonpi@wsj.com,Female,89.152.229.114
920,Vinni,Darque,vdarquepj@clickbank.net,Female,193.184.93.195
921,Bernete,Treverton,btrevertonpk@nydailynews.com,Female,216.189.78.124
922,Giulio,Skarr,gskarrpl@flickr.com,Male,129.58.174.210
923,Early,Brierley,ebrierleypm@arizona.edu,Male,91.179.112.58
924,Tilda,Seear,tseearpn@sohu.com,Female,176.229.62.108
925,Dennet,Veregan,dvereganpo@over-blog.com,Male,9.124.128.3
926,Baxter,Hillum,bhillumpp@statcounter.com,Male,148.185.10.218
927,West,Gavrielli,wgavriellipq@usda.gov,Male,12.47.71.134
928,Darline,Dupre,dduprepr@newyorker.com,Female,17.107.0.49
929,Myrilla,Maypes,mmaypesps@technorati.com,Female,121.175.250.27
930,Vyky,Baistow,vbaistowpt@webmd.com,Female,36.207.92.65
931,Kennan,Albrecht,kalbrechtpu@theguardian.com,Male,83.175.96.60
932,Frasier,Bartaletti,fbartalettipv@nasa.gov,Male,145.221.46.202
933,Nani,Laird-Craig,nlairdcraigpw@last.fm,Female,248.249.255.64
934,Kennan,Panchen,kpanchenpx@cpanel.net,Male,196.192.223.2
935,Candace,Haggata,chaggatapy@psu.edu,Female,127.167.111.45
936,Galven,Kinningley,gkinningleypz@blog.com,Male,5.191.226.70
937,Yolane,Lindfors,ylindforsq0@washingtonpost.com,Female,111.208.167.64
938,Renee,Camous,rcamousq1@bizjournals.com,Female,129.111.240.152
939,Pen,Garrould,pgarrouldq2@blog.com,Male,116.185.213.90
940,Scot,Sidebotham,ssidebothamq3@ameblo.jp,Male,165.97.5.95
941,Gavan,Mickelwright,gmickelwrightq4@elegantthemes.com,Male,221.31.87.89
942,Tessie,Klimentyev,tklimentyevq5@seesaa.net,Female,53.239.141.19
943,Abby,Belford,abelfordq6@symantec.com,Male,224.121.52.5
944,Leontine,Southeran,lsoutheranq7@apple.com,Female,202.89.222.38
945,Rafael,Livingston,rlivingstonq8@gov.uk,Male,61.96.217.33
946,Hadlee,Craghead,hcragheadq9@ameblo.jp,Male,234.19.118.198
947,Toiboid,Elsegood,telsegoodqa@berkeley.edu,Male,32.235.133.112
948,Powell,Powdrill,ppowdrillqb@bbc.co.uk,Male,152.60.183.31
949,Ame,Hudghton,ahudghtonqc@rakuten.co.jp,Female,64.109.84.127
950,Marji,Pellamont,mpellamontqd@geocities.com,Female,66.33.90.35
951,Elbert,Keetch,ekeetchqe@stanford.edu,Male,220.107.205.132
952,Stillman,Harvatt,sharvattqf@themeforest.net,Male,103.132.201.149
953,Krishna,Burth,kburthqg@usnews.com,Male,236.157.154.214
954,Sargent,Keable,skeableqh@addthis.com,Male,126.43.236.51
955,Abba,Silburn,asilburnqi@pagesperso-orange.fr,Male,37.80.244.143
956,Anallese,Catterill,acatterillqj@ed.gov,Female,209.98.73.221
957,Yance,MacAirt,ymacairtqk@smh.com.au,Male,51.140.57.29
958,Gillie,Schwier,gschwierql@weibo.com,Female,108.108.93.127
959,Inness,Corbridge,icorbridgeqm@amazon.com,Male,160.47.117.247
960,Carrol,Braganca,cbragancaqn@rambler.ru,Male,213.99.242.165
961,Ede,Kobieriecki,ekobierieckiqo@yale.edu,Female,109.156.45.91
962,Bessie,Berns,bbernsqp@arizona.edu,Female,255.235.91.152
963,Tammara,Gilham,tgilhamqq@drupal.org,Female,146.192.211.15
964,Bernadene,Elder,belderqr@whitehouse.gov,Female,73.149.243.18
965,Katusha,MacParland,kmacparlandqs@google.fr,Female,178.87.46.16
966,Wren,Dundendale,wdundendaleqt@berkeley.edu,Female,34.217.108.175
967,Elroy,Duckerin,educkerinqu@opera.com,Male,10.90.57.208
968,Augustina,Warcup,awarcupqv@indiatimes.com,Female,249.234.201.126
969,Nap,McWhirter,nmcwhirterqw@is.gd,Male,68.28.3.92
970,Sydney,Mathieu,smathieuqx@oakley.com,Female,33.97.32.69
971,Harrietta,Barajaz,hbarajazqy@51.la,Female,192.13.67.163
972,Gwendolyn,Beake,gbeakeqz@comsenz.com,Female,103.128.83.183
973,Corbin,Baybutt,cbaybuttr0@vistaprint.com,Male,184.205.228.139
974,Britney,Davidovici,bdavidovicir1@gnu.org,Female,85.20.154.140
975,Morse,Dobbs,mdobbsr2@earthlink.net,Male,49.221.237.21
976,Josefina,Toxell,jtoxellr3@soundcloud.com,Female,224.9.196.46
977,Darren,Tuffey,dtuffeyr4@ucla.edu,Male,215.105.152.132
978,Lennard,Scothorne,lscothorner5@ycombinator.com,Male,130.103.195.190
979,Roz,Paddemore,rpaddemorer6@free.fr,Female,8.239.15.166
980,Filip,Rampley,frampleyr7@seesaa.net,Male,8.210.99.88
981,Nealson,Stenhouse,nstenhouser8@indiegogo.com,Male,42.111.228.43
982,Hall,Limmer,hlimmerr9@google.com,Male,68.180.243.94
983,Delores,Leipelt,dleipeltra@apache.org,Female,65.230.104.10
984,Tamarah,Brinded,tbrindedrb@irs.gov,Female,103.197.185.185
985,Ric,Moncur,rmoncurrc@icio.us,Male,148.37.55.170
986,Denise,Bednell,dbednellrd@diigo.com,Female,26.224.192.2
987,Paxon,Cunio,pcuniore@fc2.com,Male,0.249.133.201
988,Cody,Baake,cbaakerf@sourceforge.net,Female,184.146.208.141
989,Oates,Simpkiss,osimpkissrg@walmart.com,Male,59.220.155.124
990,Lonnie,Skupinski,lskupinskirh@apache.org,Female,226.199.75.148
991,Margery,Thoumasson,mthoumassonri@mtv.com,Female,249.200.238.45
992,Alfy,Briamo,abriamorj@vimeo.com,Female,35.81.122.143
993,Ignazio,Castille,icastillerk@hexun.com,Male,231.189.173.93
994,Felicia,Morcombe,fmorcomberl@who.int,Female,47.52.17.110
995,Fraser,Doole,fdoolerm@businessinsider.com,Male,169.231.109.239
996,Veronique,Ravenhill,vravenhillrn@pbs.org,Female,146.227.19.59
997,Izabel,Legrave,ilegravero@constantcontact.com,Female,166.29.128.215
998,Amil,Fraser,afraserrp@mayoclinic.com,Female,106.80.163.69
999,Tiffy,Hulatt,thulattrq@spiegel.de,Female,170.19.111.222
1000,Abbott,Eliez,aeliezrr@istockphoto.com,Male,144.195.124.206
